{
    "X_mean": {
        "co2_grad_del": -7.379103660583496,
        "dpfrac": -0.3730376660823822,
        "footprint": 4.512799016909058,
        "dws": 0.09903482347726822
    },
    "X_std": {
        "co2_grad_del": 26.992389678955078,
        "dpfrac": 1.6138322353363037,
        "footprint": 2.285291064909215,
        "dws": 0.11944163590669632
    },
    "y_mean": -0.04648910401074619,
    "y_std": 1.2179957276978604,
    "features": [
        "co2_grad_del",
        "dpfrac",
        "footprint",
        "dws"
    ],
    "model_type": "RF",
    "mode": "LndNDGL"
}