{
    "X_mean": {
        "co2_grad_del": -6.128736972808838,
        "dpfrac": -0.5087920427322388,
        "footprint": 4.509771286531765,
        "dws": 0.09416794031858444
    },
    "X_std": {
        "co2_grad_del": 26.93245506286621,
        "dpfrac": 1.6252278089523315,
        "footprint": 2.2869973296812782,
        "dws": 0.11651363223791122
    },
    "y_mean": -0.03242084207752561,
    "y_std": 1.171193624626513,
    "features": [
        "co2_grad_del",
        "dpfrac",
        "footprint",
        "dws"
    ],
    "model_type": "RF",
    "mode": "LndNDGL"
}